NumeroSS;Nom;Prenom;DateNaissance;AdressePostale;AdresseMail;Telephone
185036215478952;Dubois;Marie;1980-05-15;12 rue de la Paix, 75001 Paris;marie.dubois@email.fr;0612345678
175126398745612;Martin;Thomas;1978-09-23;45 avenue Victor Hugo, 69003 Lyon;thomas.martin@email.fr;0723456789
195076245896321;Petit;Sophie;1985-12-07;8 rue des Lilas, 33000 Bordeaux;sophie.petit@email.fr;0634567890
162096387452106;Bernard;Jean;1970-04-14;22 boulevard Gambetta, 59000 Lille;jean.bernard@email.fr;0745678901
189056321478965;Durand;Isabelle;1982-11-30;5 place de la République, 44000 Nantes;isabelle.durand@email.fr;0656789012
172076398741236;Leroy;Pierre;1976-07-18;17 rue Pasteur, 67000 Strasbourg;pierre.leroy@email.fr;0767890123
196036214569873;Moreau;Camille;1988-02-25;3 avenue Jean Jaurès, 13001 Marseille;camille.moreau@email.fr;0678901234
181026359874123;Simon;Nicolas;1977-10-09;29 rue du Commerce, 31000 Toulouse;nicolas.simon@email.fr;0789012345
191016387452698;Lambert;Julie;1984-03-21;7 quai des Chartrons, 33000 Bordeaux;julie.lambert@email.fr;0690123456
168096325417896;Roux;Philippe;1972-08-03;14 rue de la Liberté, 06000 Nice;philippe.roux@email.fr;0701234567
179046312587459;Fournier;Anne;1979-01-25;6 place Bellecour, 69002 Lyon;anne.fournier@email.fr;0612345987
183056329871456;Morel;David;1983-06-12;18 boulevard des Capucines, 75002 Paris;david.morel@email.fr;0623456789
198076342158796;Girard;Emilie;1990-09-05;3 rue Émile Zola, 44000 Nantes;emilie.girard@email.fr;0634567891
167036254189756;Bonnet;Michel;1967-03-28;42 avenue Foch, 67000 Strasbourg;michel.bonnet@email.fr;0745678902
187016325478963;Mercier;Nathalie;1987-12-15;9 rue Saint-Ferréol, 13001 Marseille;nathalie.mercier@email.fr;0656789013
173026398745123;Vincent;François;1973-05-07;15 boulevard Jean Jaurès, 31000 Toulouse;francois.vincent@email.fr;0767890124
194056214785963;Blanc;Caroline;1994-08-22;11 avenue Clemenceau, 06000 Nice;caroline.blanc@email.fr;0678901235
177066354789512;Guerin;Stéphane;1977-11-14;26 rue de la République, 59000 Lille;stephane.guerin@email.fr;0789012346
186076321458967;Faure;Laure;1986-04-30;4 place du Capitole, 31000 Toulouse;laure.faure@email.fr;0690123457
166086325417893;Muller;Antoine;1966-07-19;33 rue des Carmes, 35000 Rennes;antoine.muller@email.fr;0701234568
184016398745321;Rousseau;Céline;1984-02-12;7 rue du Port, 44000 Nantes;celine.rousseau@email.fr;0612345988
176026314587452;Fontaine;Julien;1976-10-04;51 avenue Victor Hugo, 75016 Paris;julien.fontaine@email.fr;0623456790
197036325478965;Robert;Aurélie;1997-05-08;27 rue de la République, 69002 Lyon;aurelie.robert@email.fr;0634567892
165046359874156;Chevalier;Patrick;1965-09-23;8 boulevard Saint-Michel, 75005 Paris;patrick.chevalier@email.fr;0745678903
193056387452169;Henry;Sandrine;1993-01-17;19 rue Sainte-Catherine, 33000 Bordeaux;sandrine.henry@email.fr;0656789014
171066398741235;Bertrand;Thierry;1971-04-02;6 place Wilson, 31000 Toulouse;thierry.bertrand@email.fr;0767890125
188076314587459;Perrin;Valérie;1988-07-26;14 rue Jeanne d'Arc, 13001 Marseille;valerie.perrin@email.fr;0678901236
180086329874512;Garcia;Laurent;1980-12-11;31 boulevard de la Liberté, 59000 Lille;laurent.garcia@email.fr;0789012347
192096359874156;Robin;Sylvie;1992-03-29;5 rue du Commerce, 35000 Rennes;sylvie.robin@email.fr;0690123458
169016325478963;Garnier;Frédéric;1969-06-14;22 quai des Belges, 13001 Marseille;frederic.garnier@email.fr;0701234569
182026398745123;Perrier;Christine;1982-08-22;11 avenue Jean Médecin, 06000 Nice;christine.perrier@email.fr;0612345989
174036314587456;Barbier;Bruno;1974-01-31;28 rue de la Pompe, 75116 Paris;bruno.barbier@email.fr;0623456791
199046359874152;Charpentier;Isabelle;1999-04-19;13 rue du Faubourg, 67000 Strasbourg;isabelle.charpentier@email.fr;0634567893
164056387452163;Lemoine;Richard;1964-07-07;39 boulevard des Belges, 69006 Lyon;richard.lemoine@email.fr;0745678904
190066325478967;Gaillard;Nadia;1990-10-25;9 rue Didot, 75014 Paris;nadia.gaillard@email.fr;0656789015
170076398741234;Bureau;Jérôme;1970-12-03;17 place des Quinconces, 33000 Bordeaux;jerome.bureau@email.fr;0767890126
198086314587453;Collet;Virginie;1998-03-16;7 rue de Paris, 35000 Rennes;virginie.collet@email.fr;0678901237
178096329874516;Dupuy;Alexandre;1978-06-01;25 rue Saint-Dominique, 44000 Nantes;alexandre.dupuy@email.fr;0789012348
196016359874158;Meunier;Elodie;1996-09-27;4 place Masséna, 06000 Nice;elodie.meunier@email.fr;0690123459
163026325478961;Boucher;Matthieu;1963-11-10;38 boulevard Eugène Orieux, 44000 Nantes;matthieu.boucher@email.fr;0701234570
183036398745125;Roussel;Patricia;1983-01-08;14 rue de la Pompe, 75116 Paris;patricia.roussel@email.fr;0612345990
175046314587454;Berger;Grégoire;1975-04-29;23 place du Marché, 67000 Strasbourg;gregoire.berger@email.fr;0623456792
193056359874154;Giraud;Hélène;1993-06-17;6 rue du Palais, 59000 Lille;helene.giraud@email.fr;0634567894
165066387452165;Masson;Didier;1965-08-21;12 avenue Jean Jaurès, 31000 Toulouse;didier.masson@email.fr;0745678905
197076325478969;Legrand;Stéphanie;1997-11-13;33 rue Grande, 13001 Marseille;stephanie.legrand@email.fr;0656789016
169086398741232;Brunet;Eric;1969-02-04;10 place de la Comédie, 33000 Bordeaux;eric.brunet@email.fr;0767890127
192096314587455;Marchand;Olivia;1992-05-26;19 boulevard Victor Hugo, 69003 Lyon;olivia.marchand@email.fr;0678901238
167016329874514;Legros;Philippe;1967-07-15;28 rue Nationale, 35000 Rennes;philippe.legros@email.fr;0789012349
